{
  "accuracy": 0.4141501294219154,
  "mae_true_positives": 898.2543210799605,
  "stock_shortage_rate": 0.008628127696289905,
  "excess_stock_rate": 0.5772217428817946,
  "estimated_stock_savings": 1259241.6968231201,
  "financial_impact": {
    "savings": 12592416.968231201,
    "loss_from_shortages": 200.0,
    "net_balance": 12592216.968231201
  },
  "customer_service_rate": 0.99137187230371,
  "inventory_turnover_efficiency": 0.4368690150847752
}