{
  "threshold": 0.3,
  "accuracy": 0.3822260569456428,
  "service_rate": 0.9922346850733391,
  "stock_savings": 1328855.9322101565,
  "financial_impact": 13288379.322101565
}