{
  "threshold": 0.3,
  "accuracy": 0.6100086281276963,
  "service_rate": 0.9283865401207938,
  "stock_savings": 139121.23101136007,
  "financial_impact": 1389552.3101136007
}