,CV_Accuracy_Mean,CV_Accuracy_Std,CV_ROC_AUC_Mean,CV_ROC_AUC_Std,Test_Accuracy,Test_Precision,Test_Recall,Test_F1,Test_ROC_AUC
Logistic Regression,0.5862682465001863,0.009877602428959522,0.6010856562607637,0.017383918824975895,0.6015523932729625,0.30149253731343284,0.5771428571428572,0.396078431372549,0.6060152890587673
Random Forest,0.7251530267029629,0.01293540508380006,0.6457079208259003,0.021232539036476743,0.7166882276843467,0.37777777777777777,0.38857142857142857,0.38309859154929576,0.6810559006211181
Gradient Boosting,0.7575265010254232,0.006347685351493478,0.6460213848570069,0.02943244092805659,0.7516170763260026,0.37681159420289856,0.14857142857142858,0.21311475409836064,0.6677926421404682
XGBoost,0.6636480936570628,0.021308756903967684,0.6201882255368801,0.017653071667019377,0.6636481241914618,0.3346303501945525,0.49142857142857144,0.39814814814814814,0.657912087912088
LightGBM,0.656525205478015,0.023560883529439205,0.6446103016883569,0.027922174729133196,0.6545924967658473,0.3424657534246575,0.5714285714285714,0.4282655246252677,0.6800764452938366
SVM,0.627707405600751,0.007910475821747868,0.6335842154448803,0.014261147499130981,0.6222509702457956,0.30944625407166126,0.5428571428571428,0.3941908713692946,0.6420305781175346
K-Nearest Neighbors,0.743607496341521,0.005607095061776298,0.5886892512751569,0.019091651710754765,0.7192755498059509,0.3125,0.2,0.24390243902439024,0.5981892021022456
Naive Bayes,0.5717465762406045,0.13504539806555177,0.5656285102731786,0.012000055649512105,0.6131953428201811,0.2669172932330827,0.4057142857142857,0.3219954648526077,0.5624605828953655
