{
  "classification": {
    "accuracy": 0.6765847347994826,
    "precision": 0.3684210526315789,
    "recall": 0.6,
    "f1": 0.45652173913043476
  },
  "regression": {
    "mae": 556.7627539439992,
    "rmse": 1378.0815061359003
  },
  "created_at": "2025-07-15 11:33:01"
}