{
  "classification": {
    "accuracy": 0.3738680465717982,
    "precision": 0.2566929133858268,
    "recall": 0.9314285714285714,
    "f1": 0.4024691358024691,
    "threshold": 0.3
  },
  "regression": {
    "mae": 1771.0215915516112,
    "rmse": 11061.069997289675,
    "r2": 0.030257452559124598
  },
  "created_at": "2025-07-15 11:38:12"
}