,CV_Accuracy_Mean,CV_Accuracy_Std,CV_ROC_AUC_Mean,CV_ROC_AUC_Std,Test_Accuracy,Test_Precision,Test_Recall,Test_F1,Test_ROC_AUC
Logistic Regression,0.5924218344321883,0.004975338872306321,0.5999346826990675,0.019041342813459934,0.6041397153945667,0.3009118541033435,0.5657142857142857,0.39285714285714285,0.6112231247013855
Random Forest,0.720945382448742,0.016390861419567092,0.6413714353817339,0.021663272597599686,0.723156532988357,0.39344262295081966,0.4114285714285714,0.4022346368715084,0.6763258480649784
Gradient Boosting,0.7552611288571384,0.010493220329573557,0.6426338690031395,0.023329941441542008,0.7697283311772316,0.47692307692307695,0.17714285714285713,0.25833333333333336,0.668853320592451
XGBoost,0.6681793625067531,0.018470414737929555,0.6194692497701746,0.018538011163178214,0.6649417852522639,0.3346456692913386,0.4857142857142857,0.3962703962703963,0.6549593884376493
LightGBM,0.6549086560400308,0.016042110157704,0.6456417890444092,0.02325315089963746,0.6688227684346701,0.36271186440677966,0.6114285714285714,0.4553191489361702,0.6858815097945532
SVM,0.6260892826234048,0.006892802639295201,0.6351109653340286,0.014119091100085487,0.628719275549806,0.31456953642384106,0.5428571428571428,0.39832285115303984,0.6409364548494983
K-Nearest Neighbors,0.7426360980419926,0.006828171073572308,0.5883049247646644,0.021436859708303873,0.720569210866753,0.3119266055045872,0.19428571428571428,0.23943661971830985,0.59662685140946
Naive Bayes,0.5976423135224728,0.15785757356077634,0.5601734230653156,0.013726063843597348,0.6714100905562742,0.2742857142857143,0.2742857142857143,0.2742857142857143,0.5678977544194935
