{
  "classification_metrics": {
    "accuracy": 0.630012936610608,
    "precision": 0.32038834951456313,
    "recall": 0.5657142857142857,
    "f1": 0.4090909090909091
  },
  "regression_metrics": {
    "mae": 184.7493581432355
  },
  "created_at": "2025-07-07 18:53:51"
}