{
  "classification_metrics": {
    "accuracy": 0.5666235446313066,
    "precision": 0.29797979797979796,
    "recall": 0.6742857142857143,
    "f1": 0.4133099824868651
  },
  "regression_metrics": {
    "mae": 184.3562687575215
  },
  "created_at": "2025-07-13 11:39:36"
}