{
  "combined_metrics": {
    "mae": 743.0797948401248,
    "rmse": 7084.679725072649,
    "r2": 0.023067406711616445
  },
  "segments": {
    "Q1": {
      "samples": 422
    },
    "Q2": {
      "samples": 450
    },
    "Q3": {
      "samples": 394
    },
    "Q4": {
      "samples": 421
    }
  },
  "created_at": "2025-07-07 18:53:47"
}